,"lr, lambda, dropout","p, q, z, k",Validation Loss w/ Penalty,Val. Loss,exceptions
0,"[0.001, 0, 0.2]","[1, 3, 3, 2]",0.0025016493210569023,0.002492642805186806,0.033112582781456956
1,"[0.001, 0, 0.1]","[1, 3, 3, 2]",0.002496876160148531,0.002478689605083276,0.033112582781456956
2,"[0.001, 0.01, 0.2]","[1, 3, 3, 2]",0.002609503362327814,0.0025933283702099397,0.033112582781456956
3,"[0.001, 0.01, 0.1]","[1, 3, 3, 2]",0.0026088132057338954,0.002590368809767397,0.033112582781456956
4,"[0.001, 0.001, 0.2]","[1, 3, 3, 2]",0.0026660497509874404,0.0025764812271368855,0.033112582781456956
5,"[0.001, 0.001, 0.1]","[1, 3, 3, 2]",0.002658682567998767,0.0025690775747434723,0.033112582781456956
