,"lr, lambda, dropout","p, q, z, k",Validation Loss w/ Penalty,Val. Loss,exceptions
0,"[0.0001, 1, 0.2]","[1, 3, 3, 2]",1.5493924361467362,0.0026106622052225895,0.059602649006622516
1,"[0.0001, 10, 0.2]","[1, 3, 3, 2]",14.758524861335754,0.002608939130686411,0.059602649006622516
